Fecha,Resultado,Confianza (%),Archivo Guardado,Imagen Original
16/08/2026 14:33:43,APTO,,100.00,archivo_20260816_143341.jpg,Archivo local
16/08/2026 14:35:43,NO APTO,Rota,47.79,archivo_20260816_143543.jpg,Archivo local
16/08/2026 14:36:12,APTO,,100.00,archivo_20260816_143612.jpg,Archivo local
16/08/2026 14:36:33,NO APTO,Sin_backplate,80.79,archivo_20260816_143632.jpg,Archivo local
16/08/2026 14:47:02,APTO,,100.00,archivo_20260816_144702.jpg,Archivo local
16/08/2026 14:47:34,APTO,,100.00,archivo_20260816_144734.jpg,Archivo local
16/08/2026 14:48:58,APTO,,100.00,archivo_20260816_144857.jpg,Archivo local
16/08/2026 14:49:19,NO APTO,Sin_backplate,67.40,archivo_20260816_144919.jpg,Archivo local
16/08/2026 14:51:11,APTO,,100.00,archivo_20260816_145110.jpg,Archivo local
16/08/2026 14:51:35,NO APTO,Manchada,61.13,archivo_20260816_145134.jpg,Archivo local
16/08/2026 14:52:00,APTO,,100.00,archivo_20260816_145159.jpg,Archivo local
16/08/2026 14:52:19,NO APTO,Sin_backplate,64.64,archivo_20260816_145219.jpg,Archivo local
16/08/2026 14:52:51,APTO,,100.00,archivo_20260816_145251.jpg,Archivo local
16/08/2026 14:53:17,APTO,,100.00,archivo_20260816_145317.jpg,Archivo local
16/08/2026 14:53:41,NO APTO,Manchada,49.01,archivo_20260816_145340.jpg,Archivo local
16/08/2026 14:54:01,APTO,,100.00,archivo_20260816_145400.jpg,Archivo local
16/08/2026 14:54:22,NO APTO,Sin_backplate,50.18,archivo_20260816_145422.jpg,Archivo local
16/08/2026 14:54:44,APTO,,100.00,archivo_20260816_145443.jpg,Archivo local
16/08/2026 14:55:05,APTO,,100.00,archivo_20260816_145504.jpg,Archivo local
16/08/2026 14:56:44,NO APTO,Manchada,61.00,archivo_20260816_145644.jpg,Archivo local
16/08/2026 14:57:18,APTO,,100.00,archivo_20260816_145718.jpg,Archivo local
16/08/2026 14:57:43,APTO,,100.00,archivo_20260816_145742.jpg,Archivo local
16/08/2026 14:58:08,APTO,,100.00,archivo_20260816_145808.jpg,Archivo local
16/08/2026 14:58:31,NO APTO,Sin_backplate,80.91,archivo_20260816_145830.jpg,Archivo local
16/08/2026 14:58:54,APTO,,100.00,archivo_20260816_145853.jpg,Archivo local
16/08/2026 14:59:15,APTO,,100.00,archivo_20260816_145915.jpg,Archivo local
16/08/2026 14:59:39,NO APTO,Manchada,50.88,archivo_20260816_145939.jpg,Archivo local
16/08/2026 15:00:01,NO APTO,Rota,48.88,archivo_20260816_150000.jpg,Archivo local
16/08/2026 15:01:23,APTO,,100.00,archivo_20260816_150122.jpg,Archivo local
16/08/2026 15:01:55,NO APTO,Sin_backplate,58.65,archivo_20260816_150155.jpg,Archivo local
16/08/2026 15:02:21,APTO,,100.00,archivo_20260816_150220.jpg,Archivo local
16/08/2026 15:02:39,APTO,,100.00,archivo_20260816_150238.jpg,Archivo local
16/08/2026 15:03:01,NO APTO,Manchada,70.56,archivo_20260816_150300.jpg,Archivo local
16/08/2026 15:03:30,APTO,,100.00,archivo_20260816_150329.jpg,Archivo local
16/08/2026 15:04:17,NO APTO,Rota,36.00,archivo_20260816_150416.jpg,Archivo local
16/08/2026 15:04:39,APTO,,100.00,archivo_20260816_150439.jpg,Archivo local
16/08/2026 15:05:05,NO APTO,Sin_backplate,63.02,archivo_20260816_150505.jpg,Archivo local
16/08/2026 15:05:39,APTO,,100.00,archivo_20260816_150539.jpg,Archivo local
16/08/2026 15:06:36,NO APTO,Manchada,77.87,archivo_20260816_150636.jpg,Archivo local
16/08/2026 15:07:07,NO APTO,Rota,28.71,archivo_20260816_150706.jpg,Archivo local
16/08/2026 15:07:29,NO APTO,Sin_backplate,69.43,archivo_20260816_150728.jpg,Archivo local
16/08/2026 15:07:54,APTO,,100.00,archivo_20260816_150753.jpg,Archivo local
16/08/2026 15:08:17,NO APTO,Manchada,73.40,archivo_20260816_150817.jpg,Archivo local
16/08/2026 15:08:40,NO APTO,Rota,52.94,archivo_20260816_150839.jpg,Archivo local
16/08/2026 15:09:08,APTO,,100.00,archivo_20260816_150908.jpg,Archivo local
16/08/2026 15:09:32,NO APTO,Sin_backplate,56.14,archivo_20260816_150932.jpg,Archivo local
16/08/2026 15:09:52,APTO,,100.00,archivo_20260816_150951.jpg,Archivo local
16/08/2026 15:10:14,NO APTO,Rota,52.58,archivo_20260816_151014.jpg,Archivo local
16/08/2026 15:10:35,NO APTO,Sin_backplate,38.35,archivo_20260816_151034.jpg,Archivo local
16/08/2026 15:10:54,APTO,,100.00,archivo_20260816_151054.jpg,Archivo local
16/08/2026 18:08:57,NO APTO,Sin_backplate,38.35,archivo_20260816_180855.jpg,Archivo local
17/08/2026 10:13:15,APTO,,100.00,stream_1_20260817_101312_979378.jpg,Streaming simulado
17/08/2026 10:13:15,APTO,,100.00,stream_2_20260817_101315_304392.jpg,Streaming simulado
17/08/2026 10:13:15,APTO,,100.00,stream_3_20260817_101315_618525.jpg,Streaming simulado
17/08/2026 10:13:16,APTO,,100.00,stream_4_20260817_101315_938090.jpg,Streaming simulado
17/08/2026 10:13:16,APTO,,100.00,stream_5_20260817_101316_263736.jpg,Streaming simulado
17/08/2026 10:13:17,NO APTO,Manchada,70.56,stream_6_20260817_101316_613486.jpg,Streaming simulado
17/08/2026 10:13:17,NO APTO,Rota,48.88,stream_7_20260817_101317_282132.jpg,Streaming simulado
17/08/2026 10:13:18,NO APTO,Rota,52.94,stream_8_20260817_101317_643731.jpg,Streaming simulado
17/08/2026 10:13:18,NO APTO,Sin_backplate,80.79,stream_9_20260817_101318_004157.jpg,Streaming simulado
17/08/2026 10:13:18,NO APTO,Sin_backplate,80.91,stream_10_20260817_101318_392237.jpg,Streaming simulado
17/08/2026 11:02:10,APTO,,100.00,stream_1_20260817_110210_264244.jpg,Streaming simulado
17/08/2026 11:02:10,APTO,,100.00,stream_2_20260817_110210_625226.jpg,Streaming simulado
17/08/2026 11:02:11,APTO,,100.00,stream_3_20260817_110210_938101.jpg,Streaming simulado
17/08/2026 11:02:11,APTO,,100.00,stream_4_20260817_110211_266829.jpg,Streaming simulado
17/08/2026 11:02:11,APTO,,100.00,stream_5_20260817_110211_587392.jpg,Streaming simulado
17/08/2026 11:02:12,NO APTO,Manchada,70.56,stream_6_20260817_110211_930178.jpg,Streaming simulado
17/08/2026 11:02:12,NO APTO,Rota,48.88,stream_7_20260817_110212_281922.jpg,Streaming simulado
17/08/2026 11:02:12,NO APTO,Rota,52.94,stream_8_20260817_110212_616498.jpg,Streaming simulado
17/08/2026 11:02:13,NO APTO,Sin_backplate,80.79,stream_9_20260817_110212_944566.jpg,Streaming simulado
17/08/2026 11:02:13,NO APTO,Sin_backplate,80.91,stream_10_20260817_110213_268038.jpg,Streaming simulado
17/08/2026 11:17:13,APTO,,100.00,stream_1_20260817_111713_420788.jpg,Streaming simulado
17/08/2026 11:17:14,APTO,,100.00,stream_2_20260817_111713_785173.jpg,Streaming simulado
17/08/2026 11:17:14,APTO,,100.00,stream_3_20260817_111714_108250.jpg,Streaming simulado
17/08/2026 11:17:14,APTO,,100.00,stream_4_20260817_111714_430815.jpg,Streaming simulado
17/08/2026 11:17:15,APTO,,100.00,stream_5_20260817_111714_743415.jpg,Streaming simulado
17/08/2026 11:17:15,NO APTO,Manchada,70.56,stream_6_20260817_111715_063990.jpg,Streaming simulado
17/08/2026 11:17:15,NO APTO,Rota,48.88,stream_7_20260817_111715_407540.jpg,Streaming simulado
17/08/2026 11:17:16,NO APTO,Rota,52.94,stream_8_20260817_111715_732188.jpg,Streaming simulado
17/08/2026 11:17:16,NO APTO,Sin_backplate,80.79,stream_9_20260817_111716_071266.jpg,Streaming simulado
17/08/2026 11:17:16,NO APTO,Sin_backplate,80.91,stream_10_20260817_111716_399316.jpg,Streaming simulado
17/08/2026 12:30:03,APTO,,100.00,stream_1_20260817_123002_770304.jpg,Streaming simulado
17/08/2026 12:30:03,APTO,,100.00,stream_2_20260817_123003_270531.jpg,Streaming simulado
17/08/2026 12:30:04,APTO,,100.00,stream_3_20260817_123003_679751.jpg,Streaming simulado
17/08/2026 12:30:04,APTO,,100.00,stream_4_20260817_123004_085708.jpg,Streaming simulado
17/08/2026 12:30:04,APTO,,100.00,stream_5_20260817_123004_474677.jpg,Streaming simulado
17/08/2026 12:30:05,NO APTO,Manchada,70.56,stream_6_20260817_123004_848847.jpg,Streaming simulado
17/08/2026 12:30:05,NO APTO,Rota,48.88,stream_7_20260817_123005_235496.jpg,Streaming simulado
17/08/2026 12:30:06,NO APTO,Rota,52.94,stream_8_20260817_123005_611690.jpg,Streaming simulado
17/08/2026 12:30:06,NO APTO,Sin_backplate,80.79,stream_9_20260817_123006_018040.jpg,Streaming simulado
17/08/2026 12:30:06,NO APTO,Sin_backplate,80.91,stream_10_20260817_123006_411117.jpg,Streaming simulado
18/08/2026 09:27:54,APTO,,100.00,stream_1_20260818_092752_213450.jpg,Streaming simulado
18/08/2026 09:27:55,APTO,,100.00,stream_2_20260818_092754_980263.jpg,Streaming simulado
18/08/2026 09:27:55,APTO,,100.00,stream_3_20260818_092755_359644.jpg,Streaming simulado
18/08/2026 09:27:56,APTO,,100.00,stream_4_20260818_092755_773744.jpg,Streaming simulado
18/08/2026 09:27:56,APTO,,100.00,stream_5_20260818_092756_128779.jpg,Streaming simulado
18/08/2026 09:27:56,NO APTO,Manchada,70.56,stream_6_20260818_092756_486406.jpg,Streaming simulado
18/08/2026 09:27:57,NO APTO,Rota,48.88,stream_7_20260818_092756_896950.jpg,Streaming simulado
18/08/2026 09:27:57,NO APTO,Rota,52.94,stream_8_20260818_092757_272276.jpg,Streaming simulado
18/08/2026 09:27:58,NO APTO,Sin_backplate,80.79,stream_9_20260818_092757_641303.jpg,Streaming simulado
18/08/2026 09:27:58,NO APTO,Sin_backplate,80.91,stream_10_20260818_092758_009640.jpg,Streaming simulado
